<?xml version="1.0" encoding="utf-8"?>
<theme version="php">
<id>metro</id>
<name>Metro主题</name>
<url>http://www.htmlit.com.cn/</url>
<note>Z-Blog2.0 Metro主题</note>
<description>Z-Blog2 Metro主题加强版，主题插件由月上之木开发，支持主题背景及颜色个性化配置。
更新记录：
[13.07.24]更新模板标签，调整部分细节以兼容Z-Blog2.2
[13.03.22]上传控件改用UE，兼容IE
[13.01.29]禁用IE的兼容模式浏览
[12.12.26]更新主题配置页面，兼容ie7以上版本
[12.12.25]更新新日历样式
[12.12.23]更新文章内容的列表（ol,ul）样式</description>
<path>editor.php</path>
<include>include.php</include>
<level>1</level>
<author>
  <name>新鲜人</name>
  <email>htmlit@live.com</email>
  <url>http://www.htmlit.com.cn/</url>
</author>
<source>
  <name>新鲜人</name>
  <email>htmlit@live.com</email>
  <url>http://www.htmlit.com.cn/</url>
</source>
<adapted>130707</adapted>
<version>1.3</version>
<pubdate>2012-08-19</pubdate>
<modified>2013-09-06</modified>
<price>0</price>
<advanced>
  <dependency></dependency>
  <rewritefunctions></rewritefunctions>
  <conflict></conflict>
</advanced>
<sidebars>
  <sidebar1></sidebar1>
  <sidebar2></sidebar2>
  <sidebar3></sidebar3>
  <sidebar4></sidebar4>
  <sidebar5></sidebar5>
</sidebars>
</theme>