<?xml version="1.0" encoding="utf-8"?>
<theme version="php">
<id>WhitePage</id>
<name>WhitePage主题</name>
<url>http://www.zblogcn.com/</url>
<note>在一个简单的页面上，书写你的色彩！</note>
<description>响应式简单主题(宽屏大字版),含各种配色,还有边框设置.</description>
<path>main.php</path>
<include>include.php</include>
<level>1</level>
<author>
  <name>zx.asd</name>
  <email>rainbowsoft@gmail.com</email>
  <url>http://www.zdevo.com/</url>
</author>
<source>
  <name></name>
  <email></email>
  <url></url>
</source>
<adapted>151603</adapted>
<version>1.6</version>
<pubdate>2013-09-23</pubdate>
<modified>2016-10-30</modified>
<price>0</price>
<advanced>
  <dependency></dependency>
  <rewritefunctions></rewritefunctions>
  <conflict></conflict>
</advanced>
<sidebars>
  <sidebar1></sidebar1>
  <sidebar2></sidebar2>
  <sidebar3></sidebar3>
  <sidebar4></sidebar4>
  <sidebar5></sidebar5>
</sidebars>
</theme>