<?xml version="1.0" encoding="utf-8"?>
<theme version="php">
<id>default</id>
<name>默认主题</name>
<url>http://www.zblogcn.com/</url>
<note>Z-Blog的默认主题</note>
<description>Z-Blog的默认主题.模板由zx制作,娇娇设计.新增了Table日历的支持.</description>
<path></path>
<include>include.php</include>
<level>1</level>
<author>
  <name>zx.asd</name>
  <email>rainbowsoft@gmail.com</email>
  <url>http://www.zdevo.com/</url>
</author>
<source>
  <name>jiaojiao</name>
  <email>luheou@126.com</email>
  <url>http://imjiao.com/</url>
</source>
<adapted>162090</adapted>
<version>1.21</version>
<pubdate>2013-07-07</pubdate>
<modified>2021-02-21</modified>
<price>0</price>
<phpver>5.2</phpver>
<advanced>
  <dependency></dependency>
  <rewritefunctions></rewritefunctions>
  <existsfunctions></existsfunctions>
  <conflict></conflict>
</advanced>
<sidebars>
  <sidebar1></sidebar1>
  <sidebar2></sidebar2>
  <sidebar3></sidebar3>
  <sidebar4></sidebar4>
  <sidebar5></sidebar5>
  <sidebar6></sidebar6>
  <sidebar7></sidebar7>
  <sidebar8></sidebar8>
  <sidebar9></sidebar9>
</sidebars>
</theme>