<?xml version="1.0" encoding="utf-8"?>
<theme version="php">
<id>garland</id>
<name>garland主题</name>
<url></url>
<note>Drupal 的默认主题</note>
<description>Drupal 的默认主题</description>
<path></path>
<include></include>
<level>1</level>
<author>
  <name>月上之木</name>
  <email></email>
  <url></url>
</author>
<source>
  <name>drupal</name>
  <email></email>
  <url>http://drupal.org/</url>
</source>
<adapted>130707</adapted>
<version>1.4</version>
<pubdate>2007-10-18</pubdate>
<modified>2013-09-02</modified>
<price>0</price>
<advanced>
  <dependency></dependency>
  <rewritefunctions></rewritefunctions>
  <conflict></conflict>
</advanced>
<sidebars>
  <sidebar1></sidebar1>
  <sidebar2></sidebar2>
  <sidebar3></sidebar3>
  <sidebar4></sidebar4>
  <sidebar5></sidebar5>
</sidebars>
</theme>