﻿<?xml version="1.0" encoding="utf-8" standalone="yes"?><theme version="2.0"><id>default</id><name>默认主题</name><url>http://www.rainbowsoft.org/</url><note>Z-Blog的默认主题</note><author><name>zx.asd</name><email>zxasd@rainbowsoft.org</email><url>http://www.zdevo.com/</url></author><source><name>jiaojiao</name><email>luheou@126.com</email><url>http://imjiao.com/</url></source><adapted>130722</adapted><version>1.3</version><pubdate>2005-2-18</pubdate><modified>2013-7-15</modified><description><![CDATA[Z-Blog的默认主题.模板由zx制作,娇娇设计.新增了Table日历的支持.]]></description><advanced><dependency></dependency><rewritefunctions></rewritefunctions><conflict></conflict><wap></wap></advanced><price>0</price><sidebars/><functions/></theme>
