﻿<?xml version="1.0" encoding="utf-8" standalone="yes"?>
<theme version="2.0">
  <id>HTML5CSS3</id>
  <name>HTML5+CSS3主题</name>
  <url>http://www.rainbowsoft.org/</url>
  <note>Z-Blog的默认HTML5+CSS3主题</note>
  <author>
    <name>吉光片羽</name>
    <email>kandyt@qq.com</email>
    <url>http://jgpy.cn</url>
  </author>
  <source>
    <name>吉光片羽</name>
    <email>kandyt@qq.com</email>
    <url>http://jgpy.cn</url>
  </source>
  <plugin>
    <path>editor.asp</path>
    <include>include.asp</include>
    <level>1</level>
  </plugin>
  <adapted>130128</adapted>
  <version>1.0</version>
  <pubdate>2012-10-31</pubdate>
  <modified>2013-2-3</modified>
  <description>
    <![CDATA[Z-Blog 2.0的默认HTML5+CSS3主题。<br/>设计+编码=吉光片羽。<br/>本主题仅完美呈现于支持HTML5+CSS3的浏览器上，IE8及以下版本薄纱裸奔，不喜慎用！<br/>不过本主题亮点是完美支持各移动设备浏览，还在为低级的IE（用户）纠结么？]]>
  </description>
  <advanced>
    <dependency></dependency>
    <rewritefunctions></rewritefunctions>
    <conflict></conflict>
  </advanced>
  <price>0</price>
  <sidebars>
    <sidebar1>calendar:catalog:previous:archives:link</sidebar1>
    <sidebar2>searchpanel:controlpanel:comments:favorite:misc</sidebar2>
  </sidebars>
  <functions/>
</theme>
